{
  "$schema": "https://tauri.app/v1/schema.json",
  "build": {
    "beforeBuildCommand": "npm run build",
    "beforeDevCommand": "",
    "devPath": "http://localhost:8080",
    "distDir": "../dist"
  },
  "package": {
    "productName": "智慧圆觉",
    "version": "0.1.0"
  },
  "tauri": {
    "allowlist": {
      "all": false,
      "dialog": {
        "all": false,
        "ask": false,
        "confirm": false,
        "message": true,
        "open": false,
        "save": false
      },
      "window": {
        "all": false,
        "close": true,
        "hide": true,
        "show": true,
        "maximize": true,
        "minimize": true,
        "unmaximize": true,
        "unminimize": true,
        "startDragging": true
      }
    },
    "bundle": {
      "active": true,
      "category": "DeveloperTool",
      "copyright": "",
      "deb": {
        "depends": []
      },
      "externalBin": [],
      "identifier": "com.factory-tutorial.app",
      "longDescription": "",
      "macOS": {
        "entitlements": null,
        "exceptionDomain": "",
        "frameworks": [],
        "providerShortName": null,
        "signingIdentity": null
      },
      "resources": [],
      "shortDescription": "",
      "targets": "all",
      "windows": {
        "certificateThumbprint": null,
        "digestAlgorithm": "sha256",
        "timestampUrl": ""
      }
    },
    "security": {
      "csp": null
    },
    "updater": {
      "active": false
    },
    "windows": [
      {
        "fullscreen": false,
        "height": 600,
        "resizable": true,
        "title": "智慧圆觉 · 佛学修行助手",
        "width": 800,
        "decorations": true,
        "center": true
      }
    ]
  }
}
